-7.394120216369628906e+00,3.270509958267211914e+00,1.207110047340393066e+00,2.035244178944253246e+00
-7.394120216369628906e+00,3.270509958267211914e+00,1.207113265991210938e+00,2.122510598458378084e+00
-7.394120216369628906e+00,3.270509958267211914e+00,1.207113265991210938e+00,2.209777052781034978e+00
-7.394120216369628906e+00,3.270509958267211914e+00,1.207113265991210938e+00,2.297043530617738138e+00
-7.394120216369628906e+00,3.270509958267211914e+00,1.207113265991210938e+00,2.384310041705655525e+00
-7.394120216369628906e+00,3.270509958267211914e+00,1.207113265991210938e+00,2.471576457954833828e+00
-7.394120216369628906e+00,3.270509958267211914e+00,1.207113265991210938e+00,2.558842961181983178e+00
-7.394120216369628906e+00,3.270509958267211914e+00,1.207113265991210938e+00,2.646109418997407037e+00
-7.394120216369628906e+00,3.270509958267211914e+00,1.207113265991210938e+00,2.733375874933088312e+00
-7.394120216369628906e+00,3.270509958267211914e+00,1.207113265991210938e+00,2.820642309234524525e+00
-7.394120216369628906e+00,3.270509958267211914e+00,1.207113265991210938e+00,2.907908772888127658e+00
-7.394120216369628906e+00,3.270509958267211914e+00,1.207113265991210938e+00,2.995175241446514480e+00
-7.394120216369628906e+00,3.270509958267211914e+00,1.207113265991210938e+00,3.082441705574872515e+00
-7.394120216369628906e+00,3.270509958267211914e+00,1.207113265991210938e+00,-3.113477143775449818e+00
-7.394120216369628906e+00,3.270509958267211914e+00,1.207113265991210938e+00,-3.026210687338178662e+00
-7.394120216369628906e+00,3.270509958267211914e+00,1.207113265991210938e+00,-2.938944229706042410e+00
-7.394120216369628906e+00,3.270509958267211914e+00,1.207113265991210938e+00,-2.851677759320857319e+00
-7.394120216369628906e+00,3.270509958267211914e+00,1.207113265991210938e+00,-2.764411272303002320e+00
-7.394120216369628906e+00,3.270509958267211914e+00,1.207113265991210938e+00,-2.677144794349688883e+00
-7.394120216369628906e+00,3.270509958267211914e+00,1.207113265991210938e+00,-2.589878333854781722e+00
-7.394120216369628906e+00,3.270509958267211914e+00,1.207113265991210938e+00,-2.502611867796654455e+00
-7.394120216369628906e+00,3.270509958267211914e+00,1.207113265991210938e+00,-2.415345411832408029e+00
-7.394120216369628906e+00,3.270509958267211914e+00,1.207113265991210938e+00,-2.328078926941637761e+00
-7.394120216369628906e+00,3.270509958267211914e+00,1.207113265991210938e+00,-2.240812462550975326e+00
-7.394120216369628906e+00,3.270509958267211914e+00,1.207113265991210938e+00,-2.153545983858110802e+00
-7.394120216369628906e+00,3.270509958267211914e+00,1.207113265991210938e+00,-2.066279509131565106e+00
-7.394120216369628906e+00,3.270509958267211914e+00,1.207113265991210938e+00,-1.979013123209422353e+00
-7.394120216369628906e+00,3.270509958267211914e+00,1.207113265991210938e+00,-1.891746604134963761e+00
-7.394120216369628906e+00,3.270509958267211914e+00,1.207113265991210938e+00,-1.804480242477978003e+00
-7.394120216369628906e+00,3.270509958267211914e+00,1.207113265991210938e+00,-1.717213806982083035e+00
-7.394120216369628906e+00,3.270509958267211914e+00,1.207113265991210938e+00,-1.629947257650452563e+00
-7.394120216369628906e+00,3.270509958267211914e+00,1.207113265991210938e+00,-1.542680755401483417e+00
-7.394120216369628906e+00,3.270509958267211914e+00,1.207113265991210938e+00,-1.455414344905286761e+00
-7.394120216369628906e+00,3.270509958267211914e+00,1.207113265991210938e+00,-1.368147923034474189e+00
-7.394120216369628906e+00,3.270509958267211914e+00,1.207113265991210938e+00,-1.280881383644410398e+00
-7.394120216369628906e+00,3.270509958267211914e+00,1.207113265991210938e+00,-1.193614897131906716e+00
-7.394120216369628906e+00,3.270509958267211914e+00,1.207113265991210938e+00,-1.106348400383952324e+00
-7.394120216369628906e+00,3.270509958267211914e+00,1.207113265991210938e+00,-1.019082049016885705e+00
-7.394120216369628906e+00,3.270509958267211914e+00,1.207113265991210938e+00,-9.318156008087576936e-01
-7.394120216369628906e+00,3.270509958267211914e+00,1.207113265991210938e+00,-8.445491229720545334e-01
-7.394120216369628906e+00,3.270509958267211914e+00,1.207113265991210938e+00,-7.572826118841371468e-01
-7.394120216369628906e+00,3.270509958267211914e+00,1.207113265991210938e+00,-6.700161956349592884e-01
-7.394120216369628906e+00,3.270509958267211914e+00,1.207113265991210938e+00,-5.827496924078099383e-01
-7.394120216369628906e+00,3.270509958267211914e+00,1.207113265991210938e+00,-4.954832345923856352e-01
-7.394120216369628906e+00,3.270509958267211914e+00,1.207113265991210938e+00,-4.082167786567048040e-01
-7.394120216369628906e+00,3.270509958267211914e+00,1.207113265991210938e+00,-3.209503443552685908e-01
-7.394120216369628906e+00,3.270509958267211914e+00,1.207113265991210938e+00,-2.336838807016654584e-01
-7.394120216369628906e+00,3.270509958267211914e+00,1.207113265991210938e+00,-1.464174121432781916e-01
-7.394120216369628906e+00,3.270509958267211914e+00,1.207113265991210938e+00,-5.915094801492060128e-02
-7.394120216369628906e+00,3.270509958267211914e+00,1.207113265991210938e+00,2.811550981434240981e-02
-7.394120216369628906e+00,3.270509958267211914e+00,1.207113265991210938e+00,1.153819662516140099e-01
-7.394120216369628906e+00,3.270509958267211914e+00,1.207113265991210938e+00,2.026484238837502616e-01
-7.394120216369628906e+00,3.270509958267211914e+00,1.207113265991210938e+00,2.899148942689357966e-01
-7.394120216369628906e+00,3.270509958267211914e+00,1.207113265991210938e+00,3.771813812867907956e-01
-7.394120216369628906e+00,3.270509958267211914e+00,1.207113265991210938e+00,4.644478592401037886e-01
-7.394120216369628906e+00,3.270509958267211914e+00,1.207113265991210938e+00,5.517143197350113937e-01
-7.394120216369628906e+00,3.270509958267211914e+00,1.207113265991210938e+00,6.389807857931382173e-01
-7.394120216369628906e+00,3.270509958267211914e+00,1.207113265991210938e+00,7.262472417573846428e-01
-7.394120216369628906e+00,3.270509958267211914e+00,1.207113265991210938e+00,8.135137266481553553e-01
-7.394120216369628906e+00,3.270509958267211914e+00,1.207113265991210938e+00,9.007801910388169020e-01
-7.394120216369628906e+00,3.270509958267211914e+00,1.207113265991210938e+00,9.880466697316814262e-01
-7.394120216369628906e+00,3.270509958267211914e+00,1.207113265991210938e+00,1.075313144458227121e+00
-7.394120216369628906e+00,3.270509958267211914e+00,1.207113265991210938e+00,1.162579530380370763e+00
-7.394120216369628906e+00,3.270509958267211914e+00,1.207113265991210938e+00,1.249846049454829355e+00
-7.394120216369628906e+00,3.270509958267211914e+00,1.207113265991210938e+00,1.337112411111814225e+00
-7.394120216369628906e+00,3.270509958267211914e+00,1.207113265991210938e+00,1.424378846607710081e+00
-7.394120216369628906e+00,3.270509958267211914e+00,1.207113265991210938e+00,1.511645395939340553e+00
-7.394120216369628906e+00,3.270509958267211914e+00,1.207113265991210938e+00,1.598911898188308811e+00
-7.394120216369628906e+00,3.270509958267211914e+00,1.207113265991210938e+00,1.686178308684505467e+00
-7.394120216369628906e+00,3.270509958267211914e+00,1.207113265991210938e+00,1.773444730555318927e+00
-7.394120216369628906e+00,3.270509958267211914e+00,1.207113265991210938e+00,1.860711269945381829e+00
-7.394120216369628906e+00,3.270509958267211914e+00,1.207113265991210938e+00,1.947977756457886400e+00
-7.394120216369628906e+00,3.270509958267211914e+00,1.207113265991210938e+00,2.035244253205839904e+00
-7.394120216369628906e+00,3.270509958267211914e+00,1.207113265991210938e+00,1.878244280157546520e+00
-7.394120216369628906e+00,3.270509958267211914e+00,1.207113265991210938e+00,1.721244289013630357e+00
-7.394120216369628906e+00,3.270509958267211914e+00,1.207113265991210938e+00,1.564244250275853787e+00
-7.394120216369628906e+00,3.270509958267211914e+00,1.207113265991210938e+00,1.407244323875852743e+00
-7.394120216369628906e+00,3.270509958267211914e+00,1.207113265991210938e+00,1.250244396259997615e+00
-7.394120216369628906e+00,3.270509958267211914e+00,1.207113265991210938e+00,1.093244410694178548e+00
-7.394120216369628906e+00,3.270509958267211914e+00,1.207113265991210938e+00,9.362444154463993584e-01
-7.394120216369628906e+00,3.270509958267211914e+00,1.207113265991210938e+00,7.792444189901726048e-01
-7.394120216369628906e+00,3.270509958267211914e+00,1.207113265991210938e+00,6.222443964074120260e-01
-7.394120216369628906e+00,3.270509958267211914e+00,1.207113265991210938e+00,4.652444036864213928e-01
-7.394120216369628906e+00,3.270509958267211914e+00,1.207113265991210938e+00,3.082444070831913407e-01
-7.300137042999267578e+00,3.300433397293090820e+00,1.207113265991210938e+00,3.082444070831913407e-01
-7.300137042999267578e+00,3.300433397293090820e+00,1.207113265991210938e+00,1.512444184484023069e-01
-7.300137042999267578e+00,3.300433397293090820e+00,1.207113265991210938e+00,-1.444146130425316699e-03
-7.150136947631835938e+00,3.300216674804687500e+00,1.207113265991210938e+00,-1.444146130425316699e-03
-7.000136852264404297e+00,3.299999952316284180e+00,1.207113265991210938e+00,-1.444146130425316699e-03
-7.000136852264404297e+00,3.299999952316284180e+00,1.207113265991210938e+00,1.555558536963239646e-01
-7.000136852264404297e+00,3.299999952316284180e+00,1.207113265991210938e+00,3.125558813126501079e-01
-7.000136852264404297e+00,3.299999952316284180e+00,1.207113265991210938e+00,4.695558510474926450e-01
-7.000136852264404297e+00,3.299999952316284180e+00,1.207113265991210938e+00,6.265558249018727821e-01
-7.000136852264404297e+00,3.299999952316284180e+00,1.207113265991210938e+00,7.835558250606684538e-01
-6.899884223937988281e+00,3.399883985519409180e+00,1.207113265991210938e+00,7.835558250606684538e-01
-6.899884223937988281e+00,3.399883985519409180e+00,1.207113265991210938e+00,6.265558616396331715e-01
-6.899884223937988281e+00,3.399883985519409180e+00,1.207113265991210938e+00,4.695558510474926450e-01
-6.899884223937988281e+00,3.399883985519409180e+00,1.207113265991210938e+00,3.125558813126501079e-01
-6.899884223937988281e+00,3.399883985519409180e+00,1.207113265991210938e+00,1.555558890021515595e-01
-6.899884223937988281e+00,3.399883985519409180e+00,1.207113265991210938e+00,1.162424691250052433e-03
-6.800000190734863281e+00,3.400000095367431641e+00,1.207113265991210938e+00,1.162424691250052433e-03
-6.650000095367431641e+00,3.400174379348754883e+00,1.207113265991210938e+00,1.162424691250052433e-03
-6.500000000000000000e+00,3.400348663330078125e+00,1.207113265991210938e+00,1.162424691250052433e-03
-6.349999904632568359e+00,3.400522947311401367e+00,1.207113265991210938e+00,1.162424691250052433e-03
-6.199999809265136719e+00,3.400697231292724609e+00,1.207113265991210938e+00,1.162424691250052433e-03
-6.049999713897705078e+00,3.400871515274047852e+00,1.207113265991210938e+00,1.162424691250052433e-03
-6.049999713897705078e+00,3.400871515274047852e+00,1.207113265991210938e+00,-1.558375567191330191e-01
-6.049999713897705078e+00,3.400871515274047852e+00,1.207113265991210938e+00,-3.128376009605204899e-01
-6.049999713897705078e+00,3.400871515274047852e+00,1.207113265991210938e+00,-4.698375888253973898e-01
-6.049999713897705078e+00,3.400871515274047852e+00,1.207113265991210938e+00,-6.268375660545135730e-01
-6.049999713897705078e+00,3.400871515274047852e+00,1.207113265991210938e+00,-7.588611751187404053e-01
-5.941156864166259766e+00,3.297657251358032227e+00,1.207113265991210938e+00,-7.588611751187404053e-01
-5.941156864166259766e+00,3.297657251358032227e+00,1.207113265991210938e+00,-9.158611675047607648e-01
-5.941156864166259766e+00,3.297657251358032227e+00,1.207113265991210938e+00,-9.698506921172036499e-01
-5.856343269348144531e+00,3.173937082290649414e+00,1.207113265991210938e+00,-9.698506921172036499e-01
-5.771529674530029297e+00,3.050216913223266602e+00,1.207113265991210938e+00,-9.698506921172036499e-01
-5.686716079711914062e+00,2.926496744155883789e+00,1.207113265991210938e+00,-9.698506921172036499e-01
-5.601902484893798828e+00,2.802776575088500977e+00,1.207113265991210938e+00,-9.698506921172036499e-01
-5.601902484893798828e+00,2.802776575088500977e+00,1.207113265991210938e+00,-8.128506746437791364e-01
-5.601902484893798828e+00,2.802776575088500977e+00,1.207113265991210938e+00,-6.558506862925943537e-01
-5.601902484893798828e+00,2.802776575088500977e+00,1.207113265991210938e+00,-4.988507244883146896e-01
-5.601902484893798828e+00,2.802776575088500977e+00,1.207113265991210938e+00,-3.418507251472657771e-01
-5.601902484893798828e+00,2.802776575088500977e+00,1.207113265991210938e+00,-1.848507554655673957e-01
-5.601902484893798828e+00,2.802776575088500977e+00,1.207113265991210938e+00,-2.785073508815827381e-02
-5.500001907348632812e+00,2.799937725067138672e+00,1.207113265991210938e+00,-2.785073508815827381e-02
-5.500001907348632812e+00,2.799937725067138672e+00,1.207113265991210938e+00,-1.848507367927307854e-01
-5.500001907348632812e+00,2.799937725067138672e+00,1.207113265991210938e+00,-3.418507251472657771e-01
-5.500001907348632812e+00,2.799937725067138672e+00,1.207113265991210938e+00,-4.988506950618445401e-01
-5.500001907348632812e+00,2.799937725067138672e+00,1.207113265991210938e+00,-6.558507246874780705e-01
-5.500001907348632812e+00,2.799937725067138672e+00,1.207113265991210938e+00,-7.853176889483686196e-01
-5.393927574157714844e+00,2.693880319595336914e+00,1.207113265991210938e+00,-7.853176889483686196e-01
-5.393927574157714844e+00,2.693880319595336914e+00,1.207113265991210938e+00,-9.297086533862826130e-01
-5.304217338562011719e+00,2.573663473129272461e+00,1.207113265991210938e+00,-9.297086533862826130e-01
-5.304217338562011719e+00,2.573663473129272461e+00,1.207113265991210938e+00,-1.070622895445143108e+00
-5.232280731201171875e+00,2.442038536071777344e+00,1.207113265991210938e+00,-1.070622895445143108e+00
-5.160344123840332031e+00,2.310413599014282227e+00,1.207113265991210938e+00,-1.070622895445143108e+00
-5.099999904632568359e+00,2.200000047683715820e+00,1.207113265991210938e+00,-1.070622895445143108e+00
-5.099999904632568359e+00,2.200000047683715820e+00,1.207113265991210938e+00,-1.227622882059518084e+00
-5.099999904632568359e+00,2.200000047683715820e+00,1.207113265991210938e+00,-1.384622885244155555e+00
-5.099999904632568359e+00,2.200000047683715820e+00,1.207113265991210938e+00,-1.541622931710710631e+00
-5.099999904632568359e+00,2.200000047683715820e+00,1.207113265991210938e+00,-1.570796326794896558e+00
-5.099999904632568359e+00,2.049999952316284180e+00,1.207113265991210938e+00,-1.570796326794896558e+00
-5.099999904632568359e+00,1.899999976158142090e+00,1.207113265991210938e+00,-1.570796326794896558e+00
-5.099999904632568359e+00,1.750000000000000000e+00,1.207113265991210938e+00,-1.570796326794896558e+00
-5.099999904632568359e+00,1.750000000000000000e+00,1.207113265991210938e+00,-1.413796336664459474e+00
-5.099999904632568359e+00,1.750000000000000000e+00,1.207113265991210938e+00,-1.256796367122651858e+00
-5.099999904632568359e+00,1.750000000000000000e+00,1.207113265991210938e+00,-1.099796334645666285e+00
-5.099999904632568359e+00,1.750000000000000000e+00,1.207113265991210938e+00,-9.427962679184087591e-01
-5.099999904632568359e+00,1.750000000000000000e+00,1.207113265991210938e+00,-8.621705996710664621e-01
-5.002381324768066406e+00,1.636111497879028320e+00,1.207113265991210938e+00,-8.621705996710664621e-01
-5.002381324768066406e+00,1.636111497879028320e+00,1.207113265991210938e+00,-1.019170533148426649e+00
-5.002381324768066406e+00,1.636111497879028320e+00,1.207113265991210938e+00,-1.028815823865874002e+00
-4.925006389617919922e+00,1.507608175277709961e+00,1.207113265991210938e+00,-1.028815823865874002e+00
-4.847631454467773438e+00,1.379104852676391602e+00,1.207113265991210938e+00,-1.028815823865874002e+00
